Url,Tên,Mô tả,Trích dẫn,Hãng,Loại sản phẩm,Tag,Hiển thị,Thuộc tính 1,Giá trị thuộc tính 1,Thuộc tính 2,Giá trị thuộc tính 2,Thuộc tính 3,Giá trị thuộc tính 3,Mã phiên bản sản phẩm,Khối lượng,Quản lý tồn kho,Quản lý lô,Số lượng tồn kho,Đặt hàng khi hết hàng,Giá,Giá so sánh,Có giao hàng không?,Variant Taxable,Barcode,Link hình,Mô tả hình,SEO Title,SEO Description,Danh mục,Danh mục EN,Ảnh biến thể,Không áp dụng khuyến mãi,Tên sản phẩm trên hóa đơn
gau_bong_tot_nghiep,Sản phẩm có nhiều hình biến thể,"Nếu bạn đang tìm một món quà tốt nghiệp vừa độc đáo, vừa hài hước thì gấu Tốt Nghiệp chính là lựa chọn hoàn hảo. Với khuôn mặt “điềm tĩnh vô tri” kết hợp áo choàng, mũ cử nhân và băng Congratulations, chú gấu mang lại cảm giác vừa trang trọng vừa buồn cười khó cưỡng. Chất liệu bông gòn 7D trắng muốt cùng vải miniso mềm mịn giúp ôm cực thích, không lo rụng lông hay phai màu. Đây không chỉ là món quà dễ thương mà còn gửi gắm thông điệp ý nghĩa: tốt nghiệp xong rồi, hãy cứ thong dong và yêu đời như “chiến thần chuột nước”.

📏 Gấu có đủ 2 size để bạn lựa chọn: 20cm nhỏ gọn xinh xắn, 35cm vừa vặn để ôm và giá hợp lý.",,,Gấu Bông,Gấu Bông,Yes,Hình dáng,Capybara,Kích thước,35cm,Chất liệu,"Bông gòn 7D, vải miniso  ",SP001-1,100,Haravan,Yes,100,continue,115000,145000,Yes,,SP001-1,https://cdn.hstatic.net/files/200001178391/file/sp001_1.jpg,"Gấu bông tốt nghiệp kích thước 35cm là một món quà ý nghĩa và dễ thương, có thiết kế mềm mại với màu nâu nhạt, khuôn mặt tròn đáng yêu cùng tay chân và tai màu nâu đậm. Sản phẩm mặc khăn tốt nghiệp có chữ “Congratulations”, tạo điểm nhấn cho dịp đặc biệt. Đây là kích thước lớn, phù hợp làm quà tặng cho bạn bè, người thân hoặc trang trí bàn học, mang đến sự vui vẻ và tinh thần chúc mừng tốt nghiệp.",Gấu Bông Capybara Tốt Nghiệp,"Gấu Bông Capybara Tốt Nghiệp – Quà Tặng Sang Trọng, Kích Thước 35cm",Sản phẩm nổi bật,hot-products,,No,
gau_bong_tot_nghiep,,,,,,,,Hình dáng,Capybara,Kích thước,20cm,Chất liệu,"Bông gòn 7D, vải miniso  ",SP001-2,100,Haravan,Yes,100,continue,135000,165000,Yes,,SP001-2,https://cdn.hstatic.net/files/200001178391/file/sp001_2.jpg,"Gấu bông tốt nghiệp kích thước 20cm có cùng thiết kế đáng yêu và mềm mại với màu nâu nhạt, mặt tròn và chi tiết tay chân màu nâu đậm. Khăn tốt nghiệp với chữ “Congratulations” vẫn được giữ nguyên, giúp sản phẩm nhỏ gọn này vẫn nổi bật như một món quà tinh tế. Kích thước nhỏ phù hợp để tặng kèm, trang trí bàn học hoặc làm quà lưu niệm, thể hiện sự quan tâm và lời chúc mừng tốt nghiệp một cách dễ thương.",Gấu Bông Capybara Tốt Nghiệp,"Gấu Bông Capybara Tốt Nghiệp – Quà Tặng Sang Trọng, Kích Thước 20cm",Sản phẩm nổi bật,hot-products,,,
gau_bong_tot_nghiep_in_logo,Sản phẩm có nhiều hình biến thể,"Gấu bông tốt nghiệp là món quà ý nghĩa dành cho sinh viên, ghi dấu khoảnh khắc quan trọng trong cuộc đời. Với kích thước 20cm khi ngồi (18cm), chú gấu nhỏ nhắn, dễ thương, khoác áo choàng và đội mũ cử nhân, mang thông điệp chúc mừng trang trọng nhưng vẫn đáng yêu. Sản phẩm được làm từ bông gòn nhân tạo 3 chiều, mềm mại, an toàn tuyệt đối, ôm cực thích. Khi mua tại Gradie, bạn sẽ được tặng kèm giấy gói quà sang trọng và bảo hành đường chỉ may trọn đời, đảm bảo chất lượng lâu dài. Đây chính là món quà tinh tế, vừa lưu giữ kỷ niệm tốt nghiệp, vừa mang lại niềm vui cho người nhận.",,,Gấu Bông,Gấu Bông,Yes,Hình dáng,"Có kính, không in",Kích thước, 20cm khi ngồi 18cm,Chất liệu,Bông gòn nhân tạo 3 chiều,SP002-1,100,Haravan,Yes,100,continue,65000,75000,Yes,,SP002-1,https://cdn.hstatic.net/files/200001178391/file/sp002_1.jpg,"Hình ảnh mô tả một gấu bông tốt nghiệp màu kem nhạt với lông mềm mịn, ngồi thẳng trên nền gỗ. Gấu mặc áo choàng tốt nghiệp màu đen viền đỏ và đội mũ cử nhân màu đen có tua đỏ, tay trái cầm một tờ giấy bằng cuộn tượng trưng cho bằng tốt nghiệp, tay phải cầm một quyển sách màu đỏ. Trên áo choàng nổi bật chữ với hiệu ứng màu gradient từ đỏ sang tím, thay thế cho watermark trước đó. Hình nền đơn giản và trung tính giúp tập trung hoàn toàn vào sản phẩm, làm nổi bật chi tiết gấu bông và thương hiệu.",Gấu Bông Tốt Nghiệp Gradie,Gấu Bông Tốt Nghiệp Gradie – Quà Tặng Cá Nhân Hóa,Sản phẩm nổi bật,hot-products,,,
gau_bong_tot_nghiep_in_logo,,,,,,,,Hình dáng,"Có kính, in tên",Kích thước, 20cm khi ngồi 18cm,Chất liệu,Bông gòn nhân tạo 3 chiều,SP002-2,100,Haravan,Yes,100,continue,80000,90000,Yes,,SP002-2,https://cdn.hstatic.net/files/200001178391/file/sp002_2.jpg,,Gấu Bông Tốt Nghiệp Gradie,Gấu Bông Tốt Nghiệp Gradie – Quà Tặng Cá Nhân Hóa,Sản phẩm nổi bật,hot-products,,,
gau_bong_tot_nghiep_in_logo,,,,,,,,Hình dáng,"Không kính, không in",Kích thước, 20cm khi ngồi 18cm,Chất liệu,Bông gòn nhân tạo 3 chiều,SP002-3,100,Haravan,Yes,100,continue,60000,65000,Yes,,SP002-3,https://cdn.hstatic.net/files/200001178391/file/sp002_3.jpg,,Gấu Bông Tốt Nghiệp Gradie,Gấu Bông Tốt Nghiệp Gradie – Quà Tặng Cá Nhân Hóa,Sản phẩm nổi bật,hot-products,,,
gau_bong_tot_nghiep_in_logo,,,,,,,,Hình dáng,"Không kính, in tên",Kích thước, 20cm khi ngồi 18cm,Chất liệu,Bông gòn nhân tạo 3 chiều,SP002-4,100,Haravan,Yes,100,continue,70000,80000,Yes,,SP002-4,https://cdn.hstatic.net/files/200001178391/file/sp002_4.jpg,,Gấu Bông Tốt Nghiệp Gradie,Gấu Bông Tốt Nghiệp Gradie – Quà Tặng Cá Nhân Hóa,Sản phẩm nổi bật,hot-products,,,
qua_tang_bup_be_tot_nghiep,Sản phẩm có nhiều nhóm sản phẩm,"Gấu bông tốt nghiệp với chiều cao 20–23cm là món quà thủ công 100% đầy ý nghĩa, ghi dấu khoảnh khắc quan trọng trong đời sinh viên. Ngoài kích thước tiêu chuẩn, shop còn nhận làm size lớn hoặc theo mẫu riêng, khách chỉ cần inbox để đặt. Sản phẩm chưa bao gồm trang trí hộp mica, hoa hay các kiểu hộp khác. Do đặc thù len thủ công, màu sắc có thể chênh lệch nhẹ giữa các lô, tạo nên sự độc đáo riêng cho từng sản phẩm",,,Gấu bông,Gấu bông,Yes,Hình dáng,"Nữ, có đế",Kích thước,23cm,Chất liệu,Len,SP003-1,100,Haravan,Yes,100,continue,419000,429000,Yes,,SP003-1,https://cdn.hstatic.net/files/200001178391/file/sp003_1.jpg,"Những búp bê mặc áo choàng và mũ cử nhân màu xanh hoặc đen với viền đỏ, cầm bằng tốt nghiệp và bó hoa hướng dương hoặc hoa khác, đứng trên đế gỗ. Khuôn mặt búp bê dễ thương, với đôi mắt to, miệng cười, tóc màu đen hoặc nâu, thể hiện phong cách sinh động và đáng yêu.",Búp Bê Móc Len Tốt Nghiệp,"Búp Bê Móc Len Tốt Nghiệp – Quà Tặng Cá Nhân Hóa, Amigurumi Sinh Viên",Trang chủ,frontpage,,,
,,,,,,,,Hình dáng,"Nữ, không đế",Kích thước,20cm,Chất liệu,Len,SP003-2,100,Haravan,Yes,100,continue,399000,409000,Yes,,SP003-2,https://cdn.hstatic.net/files/200001178391/file/sp003_2.jpg,,Búp Bê Móc Len Tốt Nghiệp,"Búp Bê Móc Len Tốt Nghiệp – Quà Tặng Cá Nhân Hóa, Amigurumi Sinh Viên",Sản phẩm khuyến mãi,onsale,,,
,,,,,,,,Hình dáng,"Nam, có đế",Kích thước,23cm,Chất liệu,Len,SP003-3,100,Haravan,Yes,100,continue,419000,429000,Yes,,SP003-3,https://cdn.hstatic.net/files/200001178391/file/sp003_3.jpg,,Búp Bê Móc Len Tốt Nghiệp,"Búp Bê Móc Len Tốt Nghiệp – Quà Tặng Cá Nhân Hóa, Amigurumi Sinh Viên",Trang chủ,frontpage,,,
,,,,,,,,Hình dáng,"Nam, không đế",Kích thước,20cm,Chất liệu,Len,SP003-4,100,Haravan,Yes,100,continue,399000,409000,Yes,,SP003-4,https://cdn.hstatic.net/files/200001178391/file/sp003_4.jpg,,Búp Bê Móc Len Tốt Nghiệp,"Búp Bê Móc Len Tốt Nghiệp – Quà Tặng Cá Nhân Hóa, Amigurumi Sinh Viên",Sản phẩm khuyến mãi,onsale,,,
bo_hoa_len_tot_nghiep,Sản phẩm có nhiều hình sản phẩm,"Bó hoa len handmade được làm hoàn toàn thủ công, mang vẻ đẹp độc đáo và ý nghĩa, rất phù hợp làm quà tặng tốt nghiệp. Sản phẩm có chiều cao 50cm, gồm 1 chú gấu nhỏ đáng yêu kết hợp cùng 5 bông hướng dương rực rỡ, tạo nên tổng thể vừa trang trọng vừa tươi vui. ",,,Hoa mừng,Hoa mừng,Yes,Hình dáng,Bó hoa,Kích thước ,50cm,Chất liệu,Len,SP004-1,100,Haravan,Yes,100,continue,149000,159000,Yes,,SP004-1,https://cdn.hstatic.net/files/200001178391/file/sp004_1.jpg,"Những bó hoa móc len tươi sáng và đáng yêu, gồm các bông hướng dương và hoa nhỏ khác, kết hợp gấu bông tốt nghiệp nhỏ đứng giữa. Hoa và gấu được bọc trong giấy nâu hoặc vàng, trang trí nơ tinh tế, tạo cảm giác ấm áp và phù hợp làm quà tặng tốt nghiệp, quà lưu niệm hoặc trang trí bàn học. Mỗi bó đều thể hiện sự khéo léo và sáng tạo trong thiết kế, mang lại vẻ đẹp vừa sinh động vừa dễ thương.",Bó Hoa Móc Len Hướng Dương,"""Bó Hoa Móc Len Hướng Dương  – Quà Tặng Cá Nhân Hóa, Handmade Amigurum",Sản phẩm khuyến mãi,onsale,,,
,,,,,,,,,,,,,,,,,,,,,,,,,https://cdn.hstatic.net/files/200001178391/file/sp004_2.jpg,,,,,,,,
,,,,,,,,,,,,,,,,,,,,,,,,,https://cdn.hstatic.net/files/200001178391/file/sp004_3.jpg,,,,,,,,
bo_hoa_sap_ecuado,Sản phẩm có nhiều hình sản phẩm,"Bó hoa sáp Ecuador 15 bông giấy kiếng từ Paris Florist là món quà tinh tế, phù hợp cho nhiều dịp đặc biệt. Với sự kết hợp giữa hoa sáp và hoa nhũ kim tuyến, sản phẩm mang biểu tượng tình yêu vĩnh cửu bởi vẻ đẹp không tàn, không phai, đồng thời có giá thành dễ tiếp cận hơn hoa tươi. Hoa được làm thủ công tỉ mỉ, thể hiện tâm huyết của người thợ. Mỗi sản phẩm khi đến tay khách hàng đều được chăm chút để giữ nguyên vẻ xinh đẹp, trở thành món quà ý nghĩa và bền lâu cho người nhận.",,,Hoa mừng,Hoa mừng,Yes,Hình dáng,Bó hoa,Kích thước ,30cm,Chất liệu,Hoa sáp,SP005-1,100,Haravan,Yes,100,continue,209000,229000,Yes,,SP005-1,https://cdn.hstatic.net/files/200001178391/file/sp005_1.jpg,"Những bó hoa hồng màu hồng nhạt được xếp đều, trang trí với giấy bọc và nơ tím hoặc trắng, tạo cảm giác nhẹ nhàng, lãng mạn và tinh tế. Bó hoa phù hợp làm quà tặng sinh nhật, kỷ niệm, hoặc trang trí phòng, nổi bật với sự tươi sáng và sang trọng của từng bông hoa, mang lại vẻ đẹp tinh tế và thanh lịch.",Bó Hoa Hồng Hồng,"ó Hoa Hồng Hồng Nhạt – Quà Tặng Lãng Mạn, Sang Trọng",Trang chủ,frontpage,,,
,,,,,,,,,,,,,,,,,,,,,,,,,https://cdn.hstatic.net/files/200001178391/file/sp005_2.jpg,,,,,,,,
,,,,,,,,,,,,,,,,,,,,,,,,,https://cdn.hstatic.net/files/200001178391/file/sp005_3.jpg,,,,,,,,
bo_hoa_bong_bong,Sản phẩm có nhiều hình sản phẩm,"Hoa bong bóng là lựa chọn quà tặng độc đáo, phù hợp cho ngày tốt nghiệp, chụp ảnh kỷ yếu hay làm quà tặng người yêu. Sản phẩm được thiết kế từ những quả bóng cao cấp, có độ dai tốt, màu sắc chuẩn và đẹp mắt, tạo nên tổng thể vừa trẻ trung vừa sang trọng. Đây là món quà vừa mang tính trang trí, vừa giúp lưu giữ kỷ niệm đáng nhớ trong những dịp đặc biệt.",,,Hoa mừng,Hoa mừng,Yes,Hình dáng,Bó hoa,Kích thước ,80cm,Chất liệu,Bong Bóng,SP006-1,100,Haravan,Yes,100,continue,359000,389000,Yes,,SP006-1,https://cdn.hstatic.net/files/200001178391/file/sp006_1.jpg,"Những bó hoa bóng bay đầy màu sắc, kết hợp nhiều loại bóng hình hoa và gấu bông tốt nghiệp nhỏ, được cầm bởi người, tạo cảm giác sinh động và vui tươi. Bó được trang trí nơ và bóng hình trái tim với chữ “Happy Graduation”, phù hợp làm quà tặng mừng tốt nghiệp, chúc mừng thành tích hoặc trang trí không gian lễ hội. Sự đa dạng về màu sắc và hình dạng mang lại vẻ đẹp nổi bật và vui nhộn.",Bó Hoa Bóng Bay Tốt Nghiệp,"Bó Hoa Bóng Bay Tốt Nghiệp – Trái Tim, Quà Tặng Sinh Động, Vui Nhộn",Sản phẩm khuyến mãi,onsale,,,
,,,,,,,,,,,,,,,,,,,,,,,,,https://cdn.hstatic.net/files/200001178391/file/sp006_2.jpg,,,,,,,,
,,,,,,,,,,,,,,,,,,,,,,,,,https://cdn.hstatic.net/files/200001178391/file/sp006_3.jpg,,,,,,,,
keo_khong_lo,Sản phẩm có nhiều hình biến thể,"Kẹo khổng lồ vừa ngon – xinh – giá yêu, là món quà cực kỳ phù hợp để tặng bé, bạn bè hay cả tập thể lớp trong những dịp đặc biệt. Sản phẩm gồm nhiều loại bánh kẹo, bim bim và snack mix được phối theo tông màu bắt mắt, tạo nên một tổng thể vừa vui nhộn vừa hấp dẫn. Khi mua, khách sẽ được tặng kèm túi đựng và thiệp, giúp món quà thêm phần trọn vẹn.
Hạn sử dụng sản phẩm từ 3 đến 6 tháng, đảm bảo an toàn và chất lượng cho người dùng. Đây chắc chắn là món quà ngọt ngào, độc đáo và đầy bất ngờ dành cho người nhận.",,,Kẹo,Kẹo,Yes,Màu sắc,Hồng,Kích thước ,30cm,Chất liệu,Kẹo,SP007-1,100,Haravan,Yes,100,continue,49000,59000,Yes,,SP007-1,https://cdn.hstatic.net/files/200001178391/file/sp007_1.jpg,"Các túi kẹo quà tặng được gói cẩn thận, đi kèm nơ và thiệp, chứa nhiều loại kẹo khác nhau với màu sắc sinh động như hồng, đỏ và xanh. Sản phẩm thích hợp làm quà tặng sinh nhật, lễ hội hoặc dịp đặc biệt, mang đến cảm giác vui tươi, ngọt ngào và đáng yêu. Bố cục hình ảnh thể hiện chi tiết sản phẩm và phụ kiện đi kèm, làm nổi bật sự hấp dẫn của từng túi quà.",Túi Kẹo Quà Tặng,Túi Kẹo Quà Tặng – Hộp Kẹo Đa Màu,Trang chủ,frontpage,,,
,,,,,,,,Màu sắc,Đỏ,Kích thước ,30cm,Chất liệu,Kẹo,SP007-2,100,Haravan,Yes,100,continue,49000,59000,Yes,,SP007-2,https://cdn.hstatic.net/files/200001178391/file/sp007_3.jpg,,,,,,,,
,,,,,,,,Màu sắc,Xanh,Kích thước ,30cm,Chất liệu,Kẹo,SP007-3,100,Haravan,Yes,100,continue,49000,59000,Yes,,SP007-3,https://cdn.hstatic.net/files/200001178391/file/sp007_3.jpg,,,,,,,,
keo_mut_trai_tim,Sản phẩm có nhiều hình biến thể,"Bó kẹo mút hình trái tim siêu xinh là món quà “ngọt ngào” và độc đáo nhất mùa này. Với thiết kế trong suốt, gói cực kỳ dễ thương, sản phẩm được mix trên 10 loại bánh kẹo khác nhau, tạo nên sự đa dạng và hấp dẫn. Mỗi bó kẹo đều được trang trí bằng nơ ruy băng cùng họa tiết hoạt hình đáng yêu, mang lại cảm giác vừa vui nhộn vừa tinh tế.",,,Kẹo,Kẹo,Yes,Màu sắc,Hồng,Kích thước ,90cm,Chất liệu,Kẹo,SP008-1,100,Haravan,Yes,100,continue,89000,99000,Yes,,SP008-1,https://cdn.hstatic.net/files/200001178391/file/sp008_1.jpg,"Các túi kẹo lớn hình trái tim được gói trong giấy trong suốt, đi kèm nơ và thiệp, chứa nhiều loại kẹo khác nhau với màu sắc sinh động như hồng, xanh và đỏ. Sản phẩm phù hợp làm quà tặng sinh nhật, lễ hội hoặc dịp đặc biệt, mang lại cảm giác vui vẻ, ngọt ngào và đáng yêu. Hình ảnh thể hiện chi tiết từng loại kẹo và phụ kiện đi kèm, làm nổi bật sự hấp dẫn và sinh động của túi quà.",Túi Kẹo Lớn Hình Trái Tim,"Túi Kẹo Lớn Hình Trái Tim – Quà Tặng Ngọt Ngào,",Sản phẩm nổi bật,hot-products,,,
,,,,,,,,Màu sắc,Xanh,Kích thước ,90cm,Chất liệu,Kẹo,SP008-2,100,Haravan,Yes,100,continue,89000,99000,Yes,,SP008-2,https://cdn.hstatic.net/files/200001178391/file/sp008_1.jpg,,Túi Kẹo Lớn Hình Trái Tim,"Túi Kẹo Lớn Hình Trái Tim – Quà Tặng Ngọt Ngào,",Sản phẩm nổi bật,hot-products,,,
khung_anh_ghep_do_tot_nghiep,Sản phẩm có nhiều hình biến thể,"Khung ảnh ghép đồ tốt nghiệp chibi là món quà độc đáo và ý nghĩa dành cho ngày tốt nghiệp. Với thiết kế chibi dễ thương, sản phẩm mang đến lời chúc mừng tốt nghiệp một cách sinh động và vui nhộn, giúp lưu giữ khoảnh khắc quan trọng trong đời sinh viên. Khung ảnh được làm tỉ mỉ, phối hợp cùng các chi tiết lễ phục, mũ cử nhân và dòng chữ chúc mừng, tạo nên tổng thể vừa trang trọng vừa đáng yêu. ",,,Khung ảnh,Khung ảnh,Yes,Hình dáng,Khung chữ nhật,Kích thước,10x15cm,Chất liệu,Nhựa,SP009-1,100,Haravan,Yes,100,continue,64000,74000,Yes,,SP009-1,https://cdn.hstatic.net/files/200001178391/file/sp009_1.jpg,"Các khung ảnh tốt nghiệp phong cách Chibi có thiết kế dễ thương, với hình nhân vật đội mũ cử nhân và cầm bằng tốt nghiệp, bó hoa hoặc hoa hướng dương. Sản phẩm có thể cá nhân hóa với tên và hình ảnh người nhận, phù hợp làm quà lưu niệm, quà tặng tốt nghiệp hoặc trang trí kỷ niệm. Khung trắng, đi kèm nhiều mẫu thiết kế, tạo cảm giác sinh động, vui tươi và đáng yêu.",Khung Ảnh Tốt Nghiệp Chibi,"Khung Ảnh Tốt Nghiệp Chibi, Thiết Kế Dễ Thương, Handmade",,,,,
,,,,,,,,Hình dáng,Khung chữ nhật,Kích thước,13x18cm,Chất liệu,Nhựa,SP009-2,100,Haravan,Yes,100,continue,75000,85000,Yes,,SP009-2,https://cdn.hstatic.net/files/200001178391/file/sp009_2.jpg,,,,,,,,
khung_anh_3d_totnghiep,Sản phẩm có nhiều hình biến thể,"Khung ảnh tốt nghiệp chibi được thiết kế theo yêu cầu, là món quà ý nghĩa dành tặng bạn bè trong ngày tốt nghiệp. Sản phẩm gồm khung ảnh, chân chống, móc treo tường, đèn LED và được tặng thêm 1 ảnh đi kèm. Khung làm từ nhựa giả gỗ composite nhẹ, bền, không cong vênh, chống mối mọt, mặt kính sáng bóng.",,,Khung ảnh,Khung ảnh,Yes,Hình dáng,Khung chữ nhật,Kích thước,15x21cm,Chất liệu,Nhựa,SP029-1,100,Haravan,Yes,100,continue,139000,149000,Yes,,SP029-1,https://cdn.hstatic.net/files/200001178391/file/sp029_2.jpg,"Hình ảnh mô tả các khung ảnh tốt nghiệp được cá nhân hóa, kết hợp hình minh họa sinh viên mặc áo choàng và mũ cử nhân, cầm bằng và bó hoa. Mỗi khung thể hiện mẫu thiết kế và thành phẩm hoàn thiện, sử dụng màu sắc tươi sáng, dễ thương và nổi bật.",Khung Ảnh Tốt Nghiệp,"Khung Ảnh Tốt Nghiệp - Quà Tặng Kỷ Niệm, Thiết Kế Sinh Viên, Handmade",,,,,
,,,,,,,,Hình dáng,Khung vuông,Kích thước,18x18cm,Chất liệu,Nhựa,SP029-2,100,Haravan,Yes,100,continue,159000,169000,Yes,,SP029-2,https://cdn.hstatic.net/files/200001178391/file/sp029_2.jpg,,,,,,,,
so-dan-anh-scrapbook,Sản phẩm có nhiều hình biến thể,,,,Scrapbook,Scrapbook,Yes,,,,,,,SP010-1,100,Haravan,Yes,100,continue,146000,150000,Yes,,SP010-1,Link,,Sổ lưu kỉ niệm Pieces of Memories,Sổ dán ảnh Scrapbook sổ còng Giấy đen 250gsm - Sổ lưu kỉ niệm Pieces of Memories,Sổ tay,note-book,,,
so-dan-anh-scrapbook,,,,,,,,,,,,,,,,,,,,,,,,,,,,,,,,,
so-dan-anh-scrapbook,,,,,,,,,,,,,,,,,,,,,,,,,,,,,,,,,
so-len-ke-hoach,Sản phẩm có nhiều hình biến thể,,,,Sổ kế hoạch,Sổ kế hoạch,Yes,,,,,,,SP011-1,100,Haravan,Yes,100,continue,139000,140000,Yes,,,Link,,Sổ Lên Kế Hoạch,Sổ Lên Kế Hoạch Không in sẵn ngày | Undated Sổ Kế Hoạch Cao Cấp Bìa Da Giấy Dày 120gsm,Sổ tay,note-book,,,
so-len-ke-hoach,,,,,,,,,,,,,,,,,,,,,,,,,,,,,,,,,
so-len-ke-hoach,,,,,,,,,,,,,,,,,,,,,,,,,,,,,,,,,
so-tay-bia-cung,,,,,,,,,,,,,,,,,,,,,,,,,,,,,,,,,
,,,,,,,,,,,,,,,,,,,,,,,,,,,,,,,,,
,,,,,,,,,,,,,,,,,,,,,,,,,,,,,,,,,
,,,,,,,,,,,,,,,,,,,,,,,,,,,,,,,,,
,,,,,,,,,,,,,,,,,,,,,,,,,,,,,,,,,
,,,,,,,,,,,,,,,,,,,,,,,,,,,,,,,,,
,,,,,,,,,,,,,,,,,,,,,,,,,,,,,,,,,
,,,,,,,,,,,,,,,,,,,,,,,,,,,,,,,,,
,,,,,,,,,,,,,,,,,,,,,,,,,,,,,,,,,
,,,,,,,,,,,,,,,,,,,,,,,,,,,,,,,,,
,,,,,,,,,,,,,,,,,,,,,,,,,,,,,,,,,
,,,,,,,,,,,,,,,,,,,,,,,,,,,,,,,,,
,,,,,,,,,,,,,,,,,,,,,,,,,,,,,,,,,
,,,,,,,,,,,,,,,,,,,,,,,,,,,,,,,,,
,,,,,,,,,,,,,,,,,,,,,,,,,,,,,,,,,
,,,,,,,,,,,,,,,,,,,,,,,,,,,,,,,,,
,,,,,,,,,,,,,,,,,,,,,,,,,,,,,,,,,
,,,,,,,,,,,,,,,,,,,,,,,,,,,,,,,,,
,,,,,,,,,,,,,,,,,,,,,,,,,,,,,,,,,
,,,,,,,,,,,,,,,,,,,,,,,,,,,,,,,,,
,,,,,,,,,,,,,,,,,,,,,,,,,,,,,,,,,
,,,,,,,,,,,,,,,,,,,,,,,,,,,,,,,,,
,,,,,,,,,,,,,,,,,,,,,,,,,,,,,,,,,
,,,,,,,,,,,,,,,,,,,,,,,,,,,,,,,,,
,,,,,,,,,,,,,,,,,,,,,,,,,,,,,,,,,
,,,,,,,,,,,,,,,,,,,,,,,,,,,,,,,,,
,,,,,,,,,,,,,,,,,,,,,,,,,,,,,,,,,
,,,,,,,,,,,,,,,,,,,,,,,,,,,,,,,,,
,,,,,,,,,,,,,,,,,,,,,,,,,,,,,,,,,
,,,,,,,,,,,,,,,,,,,,,,,,,,,,,,,,,
,,,,,,,,,,,,,,,,,,,,,,,,,,,,,,,,,
,,,,,,,,,,,,,,,,,,,,,,,,,,,,,,,,,
,,,,,,,,,,,,,,,,,,,,,,,,,,,,,,,,,
,,,,,,,,,,,,,,,,,,,,,,,,,,,,,,,,,
,,,,,,,,,,,,,,,,,,,,,,,,,,,,,,,,,
,,,,,,,,,,,,,,,,,,,,,,,,,,,,,,,,,
,,,,,,,,,,,,,,,,,,,,,,,,,,,,,,,,,
,,,,,,,,,,,,,,,,,,,,,,,,,,,,,,,,,
huy_chuong_chuc_mung_tot_nghiep,Sản phẩm có nhiều hình biến thể,"Huy chương chúc mừng tốt nghiệp là món quà độc đáo, mang ý nghĩa ghi dấu hành trình học tập và thành công của bạn bè, người thân. Với thiết kế trang trọng, nổi bật cùng dòng chữ chúc mừng, sản phẩm vừa là kỷ niệm đáng nhớ vừa là lời động viên tinh thần.",,,Huy Chương,Huy Chương,Yes,Màu sắc,Xanh đen,Hình dạng,Hình tròn,Chất liệu,Đồng,SP030-1,100,Haravan,Yes,100,continue,69000,79000,Yes,,SP030-1,https://cdn.hstatic.net/files/200001178391/file/sp030_1.jpg,"Những huy chương tốt nghiệp vàng với dây đeo đỏ – trắng – xanh, trên mỗi huy chương có in hình sinh viên cá nhân hóa mặc áo choàng và mũ cử nhân. Sản phẩm đi kèm hộp quà và giấy gói, phù hợp làm quà tặng mừng tốt nghiệp, lưu giữ kỷ niệm và thể hiện sự tự hào với thành tích học tập.",Huy Chương Tốt Nghiệp,Huy Chương Tốt Nghiệp,Sản phẩm khuyến mãi,onsale,,,
,,,,,Huy Chương,Huy Chương,Yes,Màu sắc,Vàng cam,Hình dạng,Hình tròn,Chất liệu,Đồng,SP030-2,100,Haravan,Yes,100,continue,69000,79000,Yes,,SP030-2,https://cdn.hstatic.net/files/200001178391/file/sp030_2.jpg,,,,,,,,
,,,,,Huy Chương,Huy Chương,Yes,Màu sắc,Da trời,Hình dạng,Hình tròn,Chất liệu,Đồng,SP030-3,100,Haravan,Yes,100,continue,69000,79000,Yes,,SP030-3,https://cdn.hstatic.net/files/200001178391/file/sp030_3.jpg,,,,,,,,
den_ngu_gau_tot_nghiep,Sản phẩm có nhiều hình biến thể,"Mỗi bộ sản phẩm bao gồm: trụ đáy gỗ & dây đèn LED, hoa và lá đính kèm, hạt pha lê trong trang trí, pin, nắp chụp thủy tinh, keo nến và gấu tốt nghiệp. Thiết kế tinh tế, ánh sáng dịu nhẹ cùng chi tiết trang trí độc đáo giúp chiếc đèn trở thành món quà vừa đẹp mắt vừa mang giá trị kỷ niệm.",,,Đèn Ngủ,Đèn Ngủ,Yes,Màu sắc,Vàng,Hình dạng,"Hướng dương, nam",Chất liệu,Nhựa,SP031-1,100,Haravan,Yes,100,continue,159000,165000,Yes,,SP031-1,https://cdn.hstatic.net/files/200001178391/file/sp031_1.jpg,"Hình ảnh thể hiện hộp tuyết cầu thủy tinh với thiết kế nhỏ gọn, bên trong có gấu bông mặc áo choàng tốt nghiệp, đội mũ cử nhân và bao quanh bởi các bông hoa hướng dương hoặc tulip mini. Hộp được đặt trên đế gỗ, có đèn LED chiếu sáng, tạo hiệu ứng lung linh, sinh động.",Hộp Tuyết Thủy Tinh,Hộp Tuyết Thủy Tinh,Sản phẩm khuyến mãi,onsale,,,
,,,,,,,Yes,Màu sắc,Vàng,Hình dạng,"Hướng dương, nữ",Chất liệu,Nhựa,SP031-2,100,Haravan,Yes,100,continue,159000,165000,Yes,,SP031-2,https://cdn.hstatic.net/files/200001178391/file/sp031_2.jpg,,,,,,,,
,,,,,,,Yes,Màu sắc,Hồng,Hình dạng,Tulip Gấu,Chất liệu,Nhựa,SP031-3,100,Haravan,Yes,100,continue,159000,165000,Yes,,SP031-3,https://cdn.hstatic.net/files/200001178391/file/sp031_3.jpg,,,,,,,,
,,,,,,,Yes,Màu sắc,Xanh,Hình dạng,Tulip Gấu,Chất liệu,Nhựa,SP031-4,100,Haravan,Yes,100,continue,159000,165000,Yes,,SP031-4,https://cdn.hstatic.net/files/200001178391/file/sp031_4.jpg,,,,,,,,
den_guong_tulip,Sản phẩm có nhiều hình biến thể,"Đèn ngủ hoa tulip 2-in-1 vừa là chiếc đèn ngủ ấm áp, vừa kiêm gương soi tiện lợi, mang lại trải nghiệm đa năng cho người dùng. Khi bật sáng, hiệu ứng thị giác lung linh tạo cảm giác không gian vô cực với những bông hoa rực rỡ, giúp căn phòng thêm phần lãng mạn và thư giãn. Sản phẩm mang tính DIY độc đáo, cho phép bạn tự tay lắp ráp để tạo nên “vườn hoa” riêng, tăng sự cá nhân hóa và ý nghĩa.",,,Đèn Ngủ,Đèn Ngủ,Yes,Màu sắc,Hồng,Hình dạng,Vuông,Chất liệu,Nhựa,SP032-1,100,Haravan,Yes,100,continue,49000,59000,Yes,,SP032-1,https://cdn.hstatic.net/files/200001178391/file/sp032_1.jpg,"các hộp thủy tinh vuông 10x10x10cm, bên trong chứa 30 bông hoa mini nhiều màu sắc như hồng, xanh, tím hoặc đa màu, tạo hiệu ứng đẹp mắt và sống động. Hộp có thiết kế tinh tế, thích hợp làm quà tặng trang trí phòng, bàn học hoặc lưu niệm, mang lại vẻ đẹp sang trọng, tươi sáng và bắt mắt.",Hộp Thủy Tinh Vuông,Hộp Thủy Tinh Vuông 30 Bông Hoa Mini,Sản phẩm khuyến mãi,onsale,,,
,,,,,,,Yes,Màu sắc,Xanh,Hình dạng,Vuông,Chất liệu,Nhựa,SP032-2,100,Haravan,Yes,100,continue,49000,59000,Yes,,SP032-2,https://cdn.hstatic.net/files/200001178391/file/sp032_2.jpg,,,,,,,,
,,,,,,,Yes,Màu sắc,Tím,Hình dạng,Vuông,Chất liệu,Nhựa,SP032-3,100,Haravan,Yes,100,continue,49000,59000,Yes,,SP032-3,https://cdn.hstatic.net/files/200001178391/file/sp032_3.jpg,,,,,,,,
,,,,,,,Yes,Màu sắc,Nhiều màu,Hình dạng,Vuông,Chất liệu,Nhựa,SP032-4,100,Haravan,Yes,100,continue,49000,59000,Yes,,SP032-4,https://cdn.hstatic.net/files/200001178391/file/sp032_4.jpg,,,,,,,,
den_ngu_silicon,Sản phẩm có nhiều hình biến thể,"Đèn ngủ mini được thiết kế nhỏ gọn, tiện lợi với thông số kỹ thuật hiện đại: điện áp định mức 5V / 0,3A, công suất 1W, dung lượng pin 1200mAh cho thời gian sử dụng dài. Ở mức sáng cao nhất, đèn có thể hoạt động 6–7 giờ, còn mức sáng thấp nhất kéo dài tới 12 giờ. Thời gian sạc nhanh chỉ 2–3 giờ, giúp bạn dễ dàng sử dụng liên tục.",,,Đèn Ngủ,Đèn Ngủ,Yes,Hình dạng,Thỏ,Màu sắc,"Trằng, vàng",Chất liệu,Silicon,SP033-1,100,Haravan,Yes,100,continue,109000,119000,Yes,,SP033-1,https://cdn.hstatic.net/files/200001178391/file/sp033_1.jpg,"Các đèn LED hình thú dễ thương như thỏ, vịt hay kỳ lân, có kích thước nhỏ gọn và ánh sáng dịu, phù hợp đặt trên bàn học hoặc làm đèn ngủ. Sản phẩm thiết kế đáng yêu, an toàn và bảo vệ mắt, mang lại không gian ấm áp, dễ thương và thư giãn cho trẻ em hoặc người lớn.",Đèn LED Thú Dễ Thương,"Đèn LED Thú Dễ Thương, Ánh Sáng Dịu",Sản phẩm khuyến mãi,onsale,,,
,,,,,,,Yes,Hình dạng,Vịt,Màu sắc,"Trằng, vàng",Chất liệu,Silicon,SP033-2,100,Haravan,Yes,100,continue,109000,119000,Yes,,SP033-2,https://cdn.hstatic.net/files/200001178391/file/sp033_2.jpg,,,,,,,,
,,,,,,,Yes,Hình dạng,Rồng,Màu sắc,"Trằng, vàng",Chất liệu,Silicon,SP033-3,100,Haravan,Yes,100,continue,109000,119000,Yes,,SP033-3,https://cdn.hstatic.net/files/200001178391/file/sp033_3.jpg,,,,,,,,
non_tot_nghiep_hoa_lua,Sản phẩm có nhiều hình biến thể,"Chiếc mũ cử nhân được trang trí tỉ mỉ và cẩn thận, thiết kế riêng dành cho bạn, giúp ngày tốt nghiệp thêm phần đặc biệt. Đây không chỉ là phụ kiện ý nghĩa mà còn là điểm nhấn để lưu lại những bức hình ấn tượng, ghi dấu kỷ niệm khó quên trong hành trình học tập. Món quà tinh tế này sẽ mang đến sự tự hào và niềm vui trọn vẹn cho người nhận.",,,Đồ tốt nghiệp,Đồ tốt nghiệp,Yes,Hình dạng,Bướm,Màu sắc,Xanh,Chất liệu,"Giấy, Hoa lụa, Ngọc trai",SP034-1,100,Haravan,Yes,100,continue,189000,199000,Yes,,SP034-1,https://cdn.hstatic.net/files/200001178391/file/sp034_1.jpg,"Mũ cử nhân trang trí hoa lụa với các chi tiết bao gồm decal kim tuyến, ruy băng, hoa lụa, bướm trang trí và ngọc trai. Sản phẩm được thiết kế tỉ mỉ, sắc sảo, thích hợp làm quà tặng cá nhân hóa, lưu giữ kỷ niệm tốt nghiệp và tạo điểm nhấn ấn tượng cho các bức hình chụp lễ tốt nghiệp.",Mũ Cử Nhân Trang Trí Hoa Lụa,Mũ Cử Nhân Trang Trí Hoa Lụa,Trang chủ,frontpage,,,
,,,,,,,Yes,Hình dạng,Hoa hồng,Màu sắc,Đỏ,Chất liệu,"Giấy, Hoa lụa, Ngọc trai",SP034-2,100,Haravan,Yes,100,continue,189000,199000,Yes,,SP034-2,https://cdn.hstatic.net/files/200001178391/file/sp034_2.jpg,,,,,,,,
,,,,,,,Yes,Hình dạng,Hoa Tulip,Màu sắc,Hồng,Chất liệu,"Giấy, Hoa lụa, Ngọc trai",SP034-3,100,Haravan,Yes,100,continue,189000,199000,Yes,,SP034-3,https://cdn.hstatic.net/files/200001178391/file/sp034_3.jpg,,,,,,,,
ao_cu_nhan,,"Bộ lễ phục cử nhân quốc tế màu đen trang trọng, phù hợp cho lễ tốt nghiệp đại học, thạc sĩ hay giảng viên. Sản phẩm gồm áo cử nhân và mũ tốt nghiệp, mang thiết kế chuẩn mực, giúp lưu giữ khoảnh khắc quan trọng trong hành trình học tập. Với chất liệu bền đẹp và kiểu dáng truyền thống, bộ lễ phục không chỉ thể hiện sự tự hào mà còn tạo nên hình ảnh chuyên nghiệp, trang nghiêm trong ngày trọng đại.",,,Đồ tốt nghiệp,Đồ tốt nghiệp,Yes,Hình dạng,Bộ áo mũ,Màu sắc,"Xanh, trắng",Chất liệu,Cotton,SP035-1,100,Haravan,Yes,100,continue,339000,349000,Yes,,SP035-1,https://cdn.hstatic.net/files/200001178391/file/sp035_1.jpg,"Hình ảnh thể hiện sinh viên mặc áo choàng và mũ cử nhân chụp ngoài trời, tay cầm bằng tốt nghiệp, tạo dáng tự nhiên và thanh lịch. Bức hình tôn vinh khoảnh khắc tốt nghiệp quan trọng, lưu giữ kỷ niệm ý nghĩa và ghi lại sự tự hào với thành tích học tập. Màu sắc tươi sáng và bố cục hài hòa giúp sản phẩm trở thành gợi ý lý tưởng cho ảnh kỷ niệm hoặc bài đăng chúc mừng tốt nghiệp.",Đồ tốt nghiệp,Đồ tốt nghiệp,Trang chủ,frontpage,,,
,,,,,,,Yes,Hình dạng,"Bộ áo mũ, nơ",Màu sắc,"Xanh, trắng",Chất liệu,Cotton,SP035-2,100,Haravan,Yes,100,continue,369000,379000,Yes,,SP035-2,https://cdn.hstatic.net/files/200001178391/file/sp035_2.jpg,,,,,,,,
sash_tot_nghiep,Sản phẩm có nhiều hình sản phẩm,"Sash đeo chéo tốt nghiệp là phụ kiện trang trọng, giúp tôn vinh khoảnh khắc quan trọng trong ngày lễ ra trường. Với thiết kế tinh tế, màu sắc nổi bật, sash mang lại vẻ tự tin và phong cách cho người mặc, đồng thời tạo điểm nhấn trong những bức ảnh kỷ yếu. ",,,Đồ tốt nghiệp,Đồ tốt nghiệp,Yes,Hình dạng,Sash tên,Màu sắc,Trắng,Kích thước,170x120cm,SP036-1,100,Haravan,Yes,100,continue,149000,159000,Yes,,SP036-1,https://cdn.hstatic.net/files/200001178391/file/sp036_1.jpg,"sash tốt nghiệp được sinh viên đeo trên áo choàng cử nhân, với thiết kế hai bên, chất liệu bền, may chắc chắn và in thông tin cá nhân hóa. Sản phẩm giúp tạo điểm nhấn nổi bật cho trang phục tốt nghiệp, lưu giữ kỷ niệm đáng nhớ và phù hợp chụp ảnh lễ tốt nghiệp.",Sash Tốt Nghiệp,Sash Tốt Nghiệp,Trang chủ,frontpage,,,
,,,,,,,,,,,,,,,,,,,,,,,,,https://cdn.hstatic.net/files/200001178391/file/sp036_2.jpg,,,,,,,,
,,,,,,,,,,,,,,,,,,,,,,,,,https://cdn.hstatic.net/files/200001178391/file/sp036_3.jpg,,,,,,,,